NomeProduto,Categoria,Preco
Creme Anti-idade,Perfumaria,82.34
Vitamina C 1000mg,Vitaminas,59.95
Pasta de Dente,Perfumaria,89.22
Creme Hidratante,Perfumaria,66.3
Anti-inflamatório,Remédios,62.23
Roupas de Compressão,Perfumaria,42.81
Pomada para Assaduras,Perfumaria,62.13
Roupas de Compressão,Perfumaria,35.75
Roupas de Compressão,Perfumaria,58.59
Desodorante,Perfumaria,27.39
Protetor Labial,Perfumaria,83.33
Soro Fisiológico,Remédios,26.34
Ibuprofeno 200mg,Remédios,11.35
Fraldas Descartáveis,Perfumaria,39.63
Lentes de Contato,Perfumaria,68.36
Fita Adesiva,Perfumaria,58.87
Gel Antisséptico,Perfumaria,95.4
Vitamina C 1000mg,Vitaminas,71.76
Creme para as Mãos,Perfumaria,38.19
Pasta de Dente,Perfumaria,68.03
Suplemento de Vitamina D,Vitaminas,89.96
Protetor Solar,Perfumaria,52.55
Creme Hidratante,Perfumaria,68.03
Inalador,Remédios,94.38
Termômetro Digital,Perfumaria,42.27
Creme para as Mãos,Perfumaria,5.63
Lenços Umedecidos,Perfumaria,71.81
Band-aid,Perfumaria,81.43
Escova de Cabelo,Perfumaria,48.56
Antiácido,Remédios,6.4
Protetor Solar,Perfumaria,7.36
Suplemento de Magnésio,Vitaminas,30.76
Soro Fisiológico,Remédios,49.51
Creme Anti-idade,Perfumaria,43.28
Band-aid,Perfumaria,47.77
Creme Anti-idade,Perfumaria,84.17
Antiácido,Remédios,86.3
Termômetro Digital,Perfumaria,65.03
Pasta de Dente,Perfumaria,37.92
Antifúngico,Remédios,49.25
Termômetro Digital,Perfumaria,36.55
Compressa Fria,Perfumaria,95.43
Suplemento de Vitamina D,Vitaminas,65.66
Suplemento de Magnésio,Vitaminas,84.64
Xarope para Tosse,Remédios,22.21
Gel Antisséptico,Perfumaria,46.53
Desodorante,Perfumaria,81.46
Lentes de Contato,Perfumaria,41.82
Roupas de Compressão,Perfumaria,51.5
Suplemento de Vitamina D,Vitaminas,65.15
Antiácido,Remédios,41.69
Compressa Fria,Perfumaria,65.99
Escova de Cabelo,Perfumaria,40.48
Suplemento de Cálcio,Vitaminas,55.76
Termômetro Digital,Perfumaria,12.95
Desodorante,Perfumaria,20.46
Roupas de Compressão,Perfumaria,77.82
Suplemento de Ômega 3,Vitaminas,57.45
Suplemento de Magnésio,Vitaminas,38.85
Pomada Antisséptica,Perfumaria,26.4
Creme para as Mãos,Perfumaria,56.05
Creme para as Mãos,Perfumaria,87.66
Gaze Esterilizada,Perfumaria,74.71
Termômetro de Infravermelho,Perfumaria,6.02
Compressa Fria,Perfumaria,42.3
Creme Hidratante,Perfumaria,72.75
Xarope para Tosse,Remédios,97.83
Escova de Cabelo,Perfumaria,81.07
Ibuprofeno 200mg,Remédios,10.79
Escova de Cabelo,Perfumaria,28.58
Gel Antisséptico,Perfumaria,97.21
Protetor Labial,Perfumaria,40.73
Xarope para Tosse,Remédios,22.83
Antialérgico,Remédios,33.7
Inalador,Remédios,94.22
Creme para as Mãos,Perfumaria,48.79
Escova de Dente,Perfumaria,84.54
Gaze Esterilizada,Perfumaria,41.05
Máscara de Cílios,Perfumaria,14.49
Lentes de Contato,Perfumaria,42.96
Anti-inflamatório,Remédios,16.93
Roupas de Compressão,Perfumaria,95.04
Colírio,Remédios,6.8
Colírio,Remédios,24.59
Pomada para Assaduras,Perfumaria,82.67
Inalador,Remédios,62.26
Desodorante,Perfumaria,58.66
Fita Adesiva,Perfumaria,34.38
Aspirina 500mg,Remédios,62.53
Colírio,Remédios,95.51
Protetor Solar,Perfumaria,9.27
Creme para as Mãos,Perfumaria,81.24
Gaze Esterilizada,Perfumaria,8.87
Termômetro Digital,Perfumaria,33.58
Cotonetes,Perfumaria,15.71
Termômetro de Infravermelho,Perfumaria,63.44
Fita Adesiva,Perfumaria,92.52
Protetor Solar,Perfumaria,47.23
Antiácido,Remédios,15.96
Pasta de Dente,Perfumaria,53.02
Escova de Cabelo,Perfumaria,62.39
Fraldas Descartáveis,Perfumaria,61.01
Suplemento de Magnésio,Vitaminas,14.36
Pomada Antisséptica,Perfumaria,59.47
Pomada Antisséptica,Perfumaria,38.96
Protetor Solar,Perfumaria,58.83
Suplemento de Ômega 3,Vitaminas,19.18
Pasta de Dente,Perfumaria,33.69
Soro Fisiológico,Remédios,8.88
Aspirina 500mg,Remédios,64.65
Cotonetes,Perfumaria,75.22
Antiácido,Remédios,53.95
Colírio,Remédios,35.84
Suplemento de Ômega 3,Vitaminas,57.42
Suplemento de Ômega 3,Vitaminas,67.28
Inalador,Remédios,89.81
Pasta de Dente,Perfumaria,72.45
Band-aid,Perfumaria,62.69
Antibiótico,Remédios,8.35
Cotonetes,Perfumaria,29.14
Lentes de Contato,Perfumaria,12.07
Creme Anti-idade,Perfumaria,9.42
Gel Antisséptico,Perfumaria,63.0
Compressa Fria,Perfumaria,85.01
Roupas de Compressão,Perfumaria,68.86
Creme Anti-idade,Perfumaria,38.47
Paracetamol 500mg,Remédios,7.14
Máscara de Cílios,Perfumaria,32.19
Compressa Fria,Perfumaria,37.02
Aspirina 500mg,Remédios,26.58
Fita Adesiva,Perfumaria,55.66
Protetor Solar,Perfumaria,61.27
Termômetro de Infravermelho,Perfumaria,37.41
Creme para as Mãos,Perfumaria,14.25
Anti-inflamatório,Remédios,88.94
Termômetro Digital,Perfumaria,98.27
Pomada Antisséptica,Perfumaria,67.82
Termômetro de Infravermelho,Perfumaria,8.02
Suplemento de Vitamina D,Vitaminas,19.54
Gaze Esterilizada,Perfumaria,65.65
Vitamina C 1000mg,Vitaminas,28.45
Antiácido,Remédios,66.04
Fraldas Descartáveis,Perfumaria,34.19
Escova de Cabelo,Perfumaria,39.06
Ibuprofeno 200mg,Remédios,36.94
Desodorante,Perfumaria,55.78
Protetor Solar,Perfumaria,29.11
Antiácido,Remédios,86.22
Fraldas Descartáveis,Perfumaria,88.42
Creme Hidratante,Perfumaria,23.92
Pomada Antisséptica,Perfumaria,66.65
Soro Fisiológico,Remédios,25.75
Ibuprofeno 200mg,Remédios,21.73
Escova de Dente,Perfumaria,98.76
Lentes de Contato,Perfumaria,20.96
Colírio,Remédios,32.98
Termômetro de Infravermelho,Perfumaria,84.41
Cotonetes,Perfumaria,22.33
Pasta de Dente,Perfumaria,58.47
Protetor Labial,Perfumaria,12.39
Termômetro de Infravermelho,Perfumaria,74.56
Creme Hidratante,Perfumaria,55.34
Inalador,Remédios,82.22
Fraldas Descartáveis,Perfumaria,27.56
Suplemento de Magnésio,Vitaminas,9.51
Band-aid,Perfumaria,33.91
Soro Fisiológico,Remédios,84.72
Antialérgico,Remédios,96.73
Antifúngico,Remédios,99.92
Gaze Esterilizada,Perfumaria,49.53
Anti-inflamatório,Remédios,17.81
Termômetro de Infravermelho,Perfumaria,17.15
Antibiótico,Remédios,64.27
Pomada para Assaduras,Perfumaria,21.07
Máscara de Cílios,Perfumaria,43.0
Xarope para Tosse,Remédios,83.24
Creme Anti-idade,Perfumaria,36.7
Creme Hidratante,Perfumaria,26.15
Lenços Umedecidos,Perfumaria,28.57
Termômetro de Infravermelho,Perfumaria,5.06
Fraldas Descartáveis,Perfumaria,31.42
Gaze Esterilizada,Perfumaria,88.43
Lentes de Contato,Perfumaria,59.04
Ibuprofeno 200mg,Remédios,55.3
Xarope para Tosse,Remédios,29.91
Colírio,Remédios,66.26
Gel Antisséptico,Perfumaria,15.83
Pomada para Assaduras,Perfumaria,49.2
Pomada Antisséptica,Perfumaria,12.59
Inalador,Remédios,95.56
Suplemento de Vitamina D,Vitaminas,64.25
Máscara de Cílios,Perfumaria,80.59
Termômetro Digital,Perfumaria,58.43
Colírio,Remédios,91.7
Termômetro Digital,Perfumaria,23.17
Pasta de Dente,Perfumaria,45.66
Suplemento de Vitamina D,Vitaminas,95.77
Cotonetes,Perfumaria,82.65
Suplemento de Vitamina D,Vitaminas,59.07
Creme Hidratante,Perfumaria,98.09
Suplemento de Vitamina D,Vitaminas,91.21
Lenços Umedecidos,Perfumaria,55.8
Pomada Antisséptica,Perfumaria,73.38
Inalador,Remédios,26.11
Aspirina 500mg,Remédios,65.13
Gel Antisséptico,Perfumaria,49.51
Desodorante,Perfumaria,78.54
Termômetro de Infravermelho,Perfumaria,92.45
Creme Hidratante,Perfumaria,20.87
Desodorante,Perfumaria,38.51
Pasta de Dente,Perfumaria,91.68
Gaze Esterilizada,Perfumaria,84.25
Vitamina C 1000mg,Vitaminas,6.87
Lenços Umedecidos,Perfumaria,77.8
Creme Anti-idade,Perfumaria,85.38
Vitamina C 1000mg,Vitaminas,94.4
Protetor Labial,Perfumaria,31.47
Inalador,Remédios,28.92
Creme Hidratante,Perfumaria,19.67
Pomada Antisséptica,Perfumaria,17.68
Desodorante,Perfumaria,78.79
Antiácido,Remédios,76.51
Antialérgico,Remédios,50.68
Aspirina 500mg,Remédios,76.83
Máscara de Cílios,Perfumaria,35.94
Escova de Cabelo,Perfumaria,49.99
Suplemento de Magnésio,Vitaminas,57.22
Vitamina C 1000mg,Vitaminas,60.49
Gaze Esterilizada,Perfumaria,57.32
Escova de Cabelo,Perfumaria,87.83
Antialérgico,Remédios,34.41
Pomada para Artrose,Remédios,65.29
Cotonetes,Perfumaria,37.16
Ibuprofeno 200mg,Remédios,63.62
Aspirina 500mg,Remédios,21.06
Aspirina 500mg,Remédios,49.23
Desodorante,Perfumaria,19.04
Gaze Esterilizada,Perfumaria,75.85
Escova de Dente,Perfumaria,63.24
Antiácido,Remédios,7.15
Colágeno em Pó,Vitaminas,11.94
Escova de Cabelo,Perfumaria,27.06
Desodorante,Perfumaria,86.76
Compressa Fria,Perfumaria,87.84
Colágeno em Pó,Vitaminas,84.01
Antifúngico,Remédios,28.34
Soro Fisiológico,Remédios,89.01
Desodorante,Perfumaria,94.51
Antifúngico,Remédios,7.74
Antiácido,Remédios,54.46
Xarope para Tosse,Remédios,15.34
Cotonetes,Perfumaria,8.74
Desodorante,Perfumaria,63.48
Antiácido,Remédios,75.73
Antialérgico,Remédios,46.74
Pomada para Artrose,Remédios,74.47
Creme Anti-idade,Perfumaria,39.58
Pomada para Artrose,Remédios,40.59
Xarope para Tosse,Remédios,81.14
Pomada para Artrose,Remédios,97.7
Antiácido,Remédios,39.25
Protetor Solar,Perfumaria,76.15
Antialérgico,Remédios,47.93
Máscara de Cílios,Perfumaria,97.85
Desodorante,Perfumaria,5.33
Inalador,Remédios,96.92
Fita Adesiva,Perfumaria,69.13
Compressa Fria,Perfumaria,96.12
Ibuprofeno 200mg,Remédios,23.11
Inalador,Remédios,62.48
Lentes de Contato,Perfumaria,8.66
Colágeno em Pó,Vitaminas,13.48
Pomada para Artrose,Remédios,16.36
Xarope para Tosse,Remédios,90.72
Antibiótico,Remédios,22.11
Vitamina C 1000mg,Vitaminas,72.95
Termômetro Digital,Perfumaria,13.71
Colírio,Remédios,61.37
Pomada Antisséptica,Perfumaria,66.12
Compressa Fria,Perfumaria,71.36
Compressa Fria,Perfumaria,97.41
Suplemento de Cálcio,Vitaminas,10.43
Soro Fisiológico,Remédios,11.38
Aspirina 500mg,Remédios,45.72
Paracetamol 500mg,Remédios,95.88
Desodorante,Perfumaria,87.37
Colírio,Remédios,16.67
Suplemento de Cálcio,Vitaminas,75.37
Cotonetes,Perfumaria,87.81
Band-aid,Perfumaria,54.83
Ibuprofeno 200mg,Remédios,27.06
Creme Anti-idade,Perfumaria,18.79
Protetor Solar,Perfumaria,17.54
Antialérgico,Remédios,29.13
Gaze Esterilizada,Perfumaria,41.82
Pomada para Artrose,Remédios,59.59
Pasta de Dente,Perfumaria,60.02
Protetor Solar,Perfumaria,48.9
Xarope para Tosse,Remédios,37.62
Inalador,Remédios,34.0
Ibuprofeno 200mg,Remédios,52.82
Cotonetes,Perfumaria,15.84
Escova de Dente,Perfumaria,80.65
Creme Hidratante,Perfumaria,48.07
Suplemento de Cálcio,Vitaminas,90.21
Termômetro Digital,Perfumaria,96.18
Creme Hidratante,Perfumaria,6.46
Fita Adesiva,Perfumaria,64.1
Roupas de Compressão,Perfumaria,46.29
Lentes de Contato,Perfumaria,67.71
Colágeno em Pó,Vitaminas,37.42
Fita Adesiva,Perfumaria,22.75
Antibiótico,Remédios,5.1
Lenços Umedecidos,Perfumaria,5.38
Escova de Dente,Perfumaria,9.03
Pasta de Dente,Perfumaria,21.09
Desodorante,Perfumaria,58.78
Antibiótico,Remédios,32.37
Compressa Fria,Perfumaria,54.89
Aspirina 500mg,Remédios,39.11
Suplemento de Ômega 3,Vitaminas,40.85
Lenços Umedecidos,Perfumaria,51.06
Máscara de Cílios,Perfumaria,24.25
Antiácido,Remédios,11.29
Lenços Umedecidos,Perfumaria,5.31
Pomada para Artrose,Remédios,48.89
Roupas de Compressão,Perfumaria,66.81
Suplemento de Magnésio,Vitaminas,99.36
Suplemento de Cálcio,Vitaminas,50.98
Roupas de Compressão,Perfumaria,53.97
Pomada para Assaduras,Perfumaria,88.75
Antibiótico,Remédios,69.17
Creme Anti-idade,Perfumaria,98.01
Pomada para Assaduras,Perfumaria,43.5
Pasta de Dente,Perfumaria,43.0
Pomada para Artrose,Remédios,43.27
Antibiótico,Remédios,56.79
Vitamina C 1000mg,Vitaminas,88.36
Máscara de Cílios,Perfumaria,41.61
Suplemento de Vitamina D,Vitaminas,42.05
Antifúngico,Remédios,7.59
Vitamina C 1000mg,Vitaminas,26.8
Ibuprofeno 200mg,Remédios,24.95
Colírio,Remédios,69.6
Compressa Fria,Perfumaria,30.49
Antialérgico,Remédios,29.78
Vitamina C 1000mg,Vitaminas,64.58
Ibuprofeno 200mg,Remédios,58.1
Lentes de Contato,Perfumaria,46.85
Antialérgico,Remédios,37.82
Gel Antisséptico,Perfumaria,68.63
Ibuprofeno 200mg,Remédios,46.02
Protetor Labial,Perfumaria,67.86
Creme para as Mãos,Perfumaria,64.08
Suplemento de Ômega 3,Vitaminas,52.26
Paracetamol 500mg,Remédios,80.47
Roupas de Compressão,Perfumaria,45.39
Antiácido,Remédios,81.8
Suplemento de Magnésio,Vitaminas,93.97
Colírio,Remédios,72.62
Lentes de Contato,Perfumaria,26.33
Vitamina C 1000mg,Vitaminas,99.17
Pasta de Dente,Perfumaria,79.63
Compressa Fria,Perfumaria,16.23
Desodorante,Perfumaria,45.48
Colágeno em Pó,Vitaminas,72.78
Antibiótico,Remédios,21.53
Cotonetes,Perfumaria,22.61
Antialérgico,Remédios,59.62
Fraldas Descartáveis,Perfumaria,97.11
Pasta de Dente,Perfumaria,7.61
Pomada Antisséptica,Perfumaria,15.63
Antibiótico,Remédios,74.7
Xarope para Tosse,Remédios,55.81
Fita Adesiva,Perfumaria,87.47
Creme Hidratante,Perfumaria,31.27
Suplemento de Cálcio,Vitaminas,5.26
Suplemento de Cálcio,Vitaminas,90.76
Pomada para Artrose,Remédios,22.79
Antifúngico,Remédios,99.4
Lentes de Contato,Perfumaria,75.73
Creme Hidratante,Perfumaria,13.88
Suplemento de Cálcio,Vitaminas,5.19
Lenços Umedecidos,Perfumaria,78.86
Protetor Solar,Perfumaria,49.35
Compressa Fria,Perfumaria,51.67
Colágeno em Pó,Vitaminas,37.88
Pomada para Assaduras,Perfumaria,43.58
Lenços Umedecidos,Perfumaria,80.77
Pomada Antisséptica,Perfumaria,8.37
Termômetro Digital,Perfumaria,75.19
Anti-inflamatório,Remédios,8.25
Gel Antisséptico,Perfumaria,24.82
Ibuprofeno 200mg,Remédios,36.05
Lenços Umedecidos,Perfumaria,36.42
Compressa Fria,Perfumaria,65.08
Termômetro Digital,Perfumaria,40.15
Band-aid,Perfumaria,97.59
Protetor Labial,Perfumaria,70.84
Termômetro de Infravermelho,Perfumaria,63.13
Cotonetes,Perfumaria,16.39
Suplemento de Ômega 3,Vitaminas,94.58
Suplemento de Magnésio,Vitaminas,32.17
Suplemento de Cálcio,Vitaminas,59.57
Pomada para Assaduras,Perfumaria,97.75
Antifúngico,Remédios,76.75
Suplemento de Vitamina D,Vitaminas,74.72
Antiácido,Remédios,90.44
Antiácido,Remédios,81.98
Gaze Esterilizada,Perfumaria,25.27
Fita Adesiva,Perfumaria,7.42
Pasta de Dente,Perfumaria,72.08
Pomada Antisséptica,Perfumaria,48.49
Escova de Cabelo,Perfumaria,86.36
Aspirina 500mg,Remédios,75.86
Anti-inflamatório,Remédios,93.74
Creme para as Mãos,Perfumaria,73.05
Suplemento de Cálcio,Vitaminas,70.13
Antibiótico,Remédios,57.26
Gel Antisséptico,Perfumaria,51.77
Suplemento de Cálcio,Vitaminas,94.04
Roupas de Compressão,Perfumaria,91.94
Aspirina 500mg,Remédios,59.72
Inalador,Remédios,60.15
Antialérgico,Remédios,38.89
Termômetro de Infravermelho,Perfumaria,81.52
Creme para as Mãos,Perfumaria,60.17
Protetor Solar,Perfumaria,12.41
Colágeno em Pó,Vitaminas,55.56
Cotonetes,Perfumaria,10.44
Soro Fisiológico,Remédios,91.02
Creme para as Mãos,Perfumaria,10.59
Antialérgico,Remédios,75.22
Protetor Solar,Perfumaria,99.59
Pasta de Dente,Perfumaria,48.61
Protetor Solar,Perfumaria,58.15
Termômetro de Infravermelho,Perfumaria,40.43
Compressa Fria,Perfumaria,84.39
Antifúngico,Remédios,41.7
Lentes de Contato,Perfumaria,35.25
Antibiótico,Remédios,52.64
Vitamina C 1000mg,Vitaminas,84.46
Suplemento de Vitamina D,Vitaminas,78.36
Inalador,Remédios,95.35
Roupas de Compressão,Perfumaria,28.21
Band-aid,Perfumaria,68.22
Xarope para Tosse,Remédios,83.61
Band-aid,Perfumaria,35.61
Pomada Antisséptica,Perfumaria,75.55
Colágeno em Pó,Vitaminas,43.65
Lenços Umedecidos,Perfumaria,16.45
Antialérgico,Remédios,85.42
Termômetro Digital,Perfumaria,90.98
Paracetamol 500mg,Remédios,53.06
Fraldas Descartáveis,Perfumaria,19.04
Lentes de Contato,Perfumaria,15.72
Ibuprofeno 200mg,Remédios,8.65
Pasta de Dente,Perfumaria,33.27
Antiácido,Remédios,23.79
Anti-inflamatório,Remédios,78.48
Xarope para Tosse,Remédios,59.19
Protetor Labial,Perfumaria,32.9
Compressa Fria,Perfumaria,92.51
Ibuprofeno 200mg,Remédios,30.61
Fraldas Descartáveis,Perfumaria,52.76
Suplemento de Ômega 3,Vitaminas,59.61
Protetor Labial,Perfumaria,74.32
Aspirina 500mg,Remédios,26.11
Band-aid,Perfumaria,65.6
Antibiótico,Remédios,5.23
Band-aid,Perfumaria,40.38
Gel Antisséptico,Perfumaria,95.97
Antifúngico,Remédios,92.01
Antialérgico,Remédios,21.77
Lenços Umedecidos,Perfumaria,95.13
Pomada para Assaduras,Perfumaria,51.14
Colírio,Remédios,70.27
Aspirina 500mg,Remédios,92.4
Colírio,Remédios,14.21
Protetor Labial,Perfumaria,31.65
Antialérgico,Remédios,59.45
Pomada Antisséptica,Perfumaria,38.27
Suplemento de Vitamina D,Vitaminas,76.44
Anti-inflamatório,Remédios,42.02
Aspirina 500mg,Remédios,43.06
Pasta de Dente,Perfumaria,28.54
Compressa Fria,Perfumaria,54.19
Suplemento de Ômega 3,Vitaminas,65.99
Soro Fisiológico,Remédios,51.49
Protetor Solar,Perfumaria,20.22
Termômetro Digital,Perfumaria,13.36
Colágeno em Pó,Vitaminas,16.99
Termômetro de Infravermelho,Perfumaria,49.47
Antifúngico,Remédios,86.87
Pomada para Artrose,Remédios,76.79
Roupas de Compressão,Perfumaria,37.76
Termômetro de Infravermelho,Perfumaria,57.94
Cotonetes,Perfumaria,91.17
Band-aid,Perfumaria,60.45
Pomada para Artrose,Remédios,31.98
Creme Hidratante,Perfumaria,69.91
Pomada para Artrose,Remédios,10.67
Suplemento de Vitamina D,Vitaminas,64.57
Termômetro Digital,Perfumaria,89.16
Pomada para Assaduras,Perfumaria,86.82
Ibuprofeno 200mg,Remédios,13.23
Pomada para Assaduras,Perfumaria,94.78
Band-aid,Perfumaria,5.81
Suplemento de Magnésio,Vitaminas,48.16
Protetor Labial,Perfumaria,37.05
Protetor Solar,Perfumaria,22.36
Antialérgico,Remédios,76.12
Antifúngico,Remédios,76.97
Ibuprofeno 200mg,Remédios,94.59
Antialérgico,Remédios,55.32
Máscara de Cílios,Perfumaria,77.06
Pomada para Artrose,Remédios,8.47
Roupas de Compressão,Perfumaria,29.75
Termômetro Digital,Perfumaria,40.44
Paracetamol 500mg,Remédios,49.9
Creme para as Mãos,Perfumaria,98.23
Suplemento de Cálcio,Vitaminas,13.11
Gel Antisséptico,Perfumaria,55.5
Vitamina C 1000mg,Vitaminas,57.43
Band-aid,Perfumaria,23.86
Antialérgico,Remédios,18.19
Suplemento de Cálcio,Vitaminas,18.25
Suplemento de Ômega 3,Vitaminas,32.32
Colírio,Remédios,97.96
Paracetamol 500mg,Remédios,15.48
Fita Adesiva,Perfumaria,40.54
Máscara de Cílios,Perfumaria,16.83
Antialérgico,Remédios,33.14
Escova de Dente,Perfumaria,24.44
Pomada para Artrose,Remédios,69.51
Lentes de Contato,Perfumaria,47.34
Antiácido,Remédios,10.8
Termômetro de Infravermelho,Perfumaria,60.56
Protetor Solar,Perfumaria,64.37
Máscara de Cílios,Perfumaria,38.46
Fraldas Descartáveis,Perfumaria,53.04
Suplemento de Ômega 3,Vitaminas,10.3
Colírio,Remédios,88.87
Roupas de Compressão,Perfumaria,37.41
Creme para as Mãos,Perfumaria,93.46
Termômetro de Infravermelho,Perfumaria,99.53
Roupas de Compressão,Perfumaria,70.6
Gel Antisséptico,Perfumaria,44.54
Fraldas Descartáveis,Perfumaria,46.24
Suplemento de Ômega 3,Vitaminas,65.68
Gel Antisséptico,Perfumaria,53.8
Colágeno em Pó,Vitaminas,10.64
Máscara de Cílios,Perfumaria,32.79
Creme para as Mãos,Perfumaria,38.17
Antialérgico,Remédios,78.21
Colírio,Remédios,76.78
Desodorante,Perfumaria,51.71
Pasta de Dente,Perfumaria,67.57
Cotonetes,Perfumaria,95.25
Protetor Labial,Perfumaria,49.03
Pomada para Assaduras,Perfumaria,36.93
Suplemento de Magnésio,Vitaminas,11.4
Termômetro Digital,Perfumaria,49.7
Compressa Fria,Perfumaria,34.51
Creme para as Mãos,Perfumaria,93.84
Antifúngico,Remédios,94.03
Gaze Esterilizada,Perfumaria,15.83
Pomada para Assaduras,Perfumaria,90.07
Pomada para Artrose,Remédios,7.59
Fita Adesiva,Perfumaria,86.44
Pomada para Assaduras,Perfumaria,23.51
Ibuprofeno 200mg,Remédios,28.86
Antibiótico,Remédios,20.01
Escova de Cabelo,Perfumaria,54.04
Antiácido,Remédios,76.55
Lentes de Contato,Perfumaria,43.45
Escova de Dente,Perfumaria,48.29
Compressa Fria,Perfumaria,43.36
Compressa Fria,Perfumaria,29.88
Pasta de Dente,Perfumaria,22.22
Suplemento de Magnésio,Vitaminas,14.9
Gaze Esterilizada,Perfumaria,86.23
Pomada para Artrose,Remédios,56.49
Vitamina C 1000mg,Vitaminas,44.09
Suplemento de Cálcio,Vitaminas,90.71
Lentes de Contato,Perfumaria,5.95
Colírio,Remédios,73.41
Escova de Dente,Perfumaria,58.1
Compressa Fria,Perfumaria,68.87
Xarope para Tosse,Remédios,92.64
Gel Antisséptico,Perfumaria,99.57
Soro Fisiológico,Remédios,82.97
Paracetamol 500mg,Remédios,49.58
Antifúngico,Remédios,48.96
Soro Fisiológico,Remédios,95.2
Escova de Dente,Perfumaria,77.05
Suplemento de Magnésio,Vitaminas,46.05
Escova de Dente,Perfumaria,9.01
Lentes de Contato,Perfumaria,56.06
Gel Antisséptico,Perfumaria,15.04
Máscara de Cílios,Perfumaria,93.3
Fita Adesiva,Perfumaria,11.86
Suplemento de Magnésio,Vitaminas,60.15
Gel Antisséptico,Perfumaria,70.2
Xarope para Tosse,Remédios,43.69
Gel Antisséptico,Perfumaria,10.94
Soro Fisiológico,Remédios,27.14
Roupas de Compressão,Perfumaria,66.74
Suplemento de Vitamina D,Vitaminas,95.59
Antialérgico,Remédios,36.07
Soro Fisiológico,Remédios,22.89
Termômetro de Infravermelho,Perfumaria,17.81
Pomada para Artrose,Remédios,37.4
Pasta de Dente,Perfumaria,81.65
Suplemento de Magnésio,Vitaminas,11.83
Colírio,Remédios,28.36
Protetor Solar,Perfumaria,27.77
Máscara de Cílios,Perfumaria,8.87
Protetor Solar,Perfumaria,48.71
Pomada para Artrose,Remédios,71.1
Fraldas Descartáveis,Perfumaria,48.54
Antibiótico,Remédios,70.53
Termômetro Digital,Perfumaria,31.21
Fita Adesiva,Perfumaria,40.89
Band-aid,Perfumaria,35.07
Escova de Dente,Perfumaria,44.63
Aspirina 500mg,Remédios,96.81
Pomada para Artrose,Remédios,37.32
Suplemento de Ômega 3,Vitaminas,80.66
Gel Antisséptico,Perfumaria,89.25
Colírio,Remédios,16.52
Pomada para Assaduras,Perfumaria,35.42
Pomada Antisséptica,Perfumaria,63.79
Band-aid,Perfumaria,21.38
Desodorante,Perfumaria,34.07
Pasta de Dente,Perfumaria,88.25
Pomada para Artrose,Remédios,86.06
Desodorante,Perfumaria,41.67
Termômetro de Infravermelho,Perfumaria,6.74
Colírio,Remédios,43.19
Colírio,Remédios,5.75
Colírio,Remédios,78.74
Colágeno em Pó,Vitaminas,47.01
Fita Adesiva,Perfumaria,6.35
Gaze Esterilizada,Perfumaria,99.44
Pasta de Dente,Perfumaria,77.87
Creme Hidratante,Perfumaria,49.23
Suplemento de Ômega 3,Vitaminas,88.8
Lentes de Contato,Perfumaria,93.34
Suplemento de Ômega 3,Vitaminas,65.76
Fraldas Descartáveis,Perfumaria,34.76
Antiácido,Remédios,91.74
Pasta de Dente,Perfumaria,30.99
Ibuprofeno 200mg,Remédios,61.61
Vitamina C 1000mg,Vitaminas,16.18
Escova de Cabelo,Perfumaria,70.47
Colágeno em Pó,Vitaminas,60.7
Anti-inflamatório,Remédios,20.67
Suplemento de Vitamina D,Vitaminas,26.34
Pomada Antisséptica,Perfumaria,97.01
Paracetamol 500mg,Remédios,39.12
Lentes de Contato,Perfumaria,55.87
Band-aid,Perfumaria,94.09
Xarope para Tosse,Remédios,19.28
Ibuprofeno 200mg,Remédios,98.55
Paracetamol 500mg,Remédios,80.14
Escova de Cabelo,Perfumaria,43.9
Vitamina C 1000mg,Vitaminas,27.66
Protetor Solar,Perfumaria,60.6
Pasta de Dente,Perfumaria,33.36
Creme para as Mãos,Perfumaria,50.96
Antiácido,Remédios,22.19
Desodorante,Perfumaria,92.92
Ibuprofeno 200mg,Remédios,35.14
Paracetamol 500mg,Remédios,93.38
Máscara de Cílios,Perfumaria,94.78
Termômetro Digital,Perfumaria,6.32
Pomada para Assaduras,Perfumaria,16.15
Pasta de Dente,Perfumaria,37.83
Suplemento de Vitamina D,Vitaminas,76.58
Colírio,Remédios,19.16
Pomada para Artrose,Remédios,36.71
Protetor Solar,Perfumaria,93.57
Ibuprofeno 200mg,Remédios,14.15
Aspirina 500mg,Remédios,63.74
Lenços Umedecidos,Perfumaria,57.26
Desodorante,Perfumaria,23.43
Fraldas Descartáveis,Perfumaria,74.43
Antiácido,Remédios,46.33
Suplemento de Vitamina D,Vitaminas,75.08
Colágeno em Pó,Vitaminas,65.13
Suplemento de Magnésio,Vitaminas,41.76
Suplemento de Ômega 3,Vitaminas,60.91
Protetor Solar,Perfumaria,40.02
Suplemento de Vitamina D,Vitaminas,57.55
Inalador,Remédios,42.33
Antialérgico,Remédios,19.7
Gel Antisséptico,Perfumaria,53.27
Fraldas Descartáveis,Perfumaria,48.14
Anti-inflamatório,Remédios,84.36
Termômetro de Infravermelho,Perfumaria,64.71
Roupas de Compressão,Perfumaria,73.51
Pomada para Assaduras,Perfumaria,69.12
Fraldas Descartáveis,Perfumaria,14.15
Colírio,Remédios,93.7
Fraldas Descartáveis,Perfumaria,17.94
Fita Adesiva,Perfumaria,17.47
Pomada Antisséptica,Perfumaria,72.78
Aspirina 500mg,Remédios,28.7
Creme Anti-idade,Perfumaria,12.14
Anti-inflamatório,Remédios,24.31
Escova de Cabelo,Perfumaria,12.63
Pomada Antisséptica,Perfumaria,71.43
Band-aid,Perfumaria,79.5
Termômetro Digital,Perfumaria,21.09
Escova de Dente,Perfumaria,19.01
Pomada Antisséptica,Perfumaria,62.53
Vitamina C 1000mg,Vitaminas,18.98
Ibuprofeno 200mg,Remédios,45.3
Suplemento de Magnésio,Vitaminas,92.48
Suplemento de Magnésio,Vitaminas,28.86
Compressa Fria,Perfumaria,71.14
Vitamina C 1000mg,Vitaminas,39.53
Protetor Solar,Perfumaria,13.56
Escova de Cabelo,Perfumaria,62.68
Ibuprofeno 200mg,Remédios,11.24
Pomada Antisséptica,Perfumaria,91.42
Pomada Antisséptica,Perfumaria,34.49
Aspirina 500mg,Remédios,78.64
Lenços Umedecidos,Perfumaria,6.49
Ibuprofeno 200mg,Remédios,16.44
Escova de Dente,Perfumaria,21.86
Suplemento de Ômega 3,Vitaminas,66.3
Suplemento de Ômega 3,Vitaminas,53.28
Ibuprofeno 200mg,Remédios,66.74
Band-aid,Perfumaria,26.7
Protetor Labial,Perfumaria,94.64
Inalador,Remédios,63.94
Desodorante,Perfumaria,61.78
Fraldas Descartáveis,Perfumaria,46.44
Creme Hidratante,Perfumaria,77.56
Compressa Fria,Perfumaria,84.75
Ibuprofeno 200mg,Remédios,75.33
Creme Hidratante,Perfumaria,83.35
Pomada para Assaduras,Perfumaria,35.47
Protetor Solar,Perfumaria,81.92
Creme Hidratante,Perfumaria,77.33
Escova de Dente,Perfumaria,62.16
Antifúngico,Remédios,99.22
Lenços Umedecidos,Perfumaria,73.71
Desodorante,Perfumaria,89.89
Roupas de Compressão,Perfumaria,90.8
Suplemento de Vitamina D,Vitaminas,12.6
Cotonetes,Perfumaria,8.09
Gel Antisséptico,Perfumaria,22.74
Lenços Umedecidos,Perfumaria,63.61
Antifúngico,Remédios,72.66
Desodorante,Perfumaria,74.06
Pomada Antisséptica,Perfumaria,92.3
Colírio,Remédios,24.64
Xarope para Tosse,Remédios,14.56
Desodorante,Perfumaria,91.11
Desodorante,Perfumaria,45.68
Colágeno em Pó,Vitaminas,68.65
Soro Fisiológico,Remédios,64.38
Suplemento de Magnésio,Vitaminas,34.45
Creme Anti-idade,Perfumaria,22.48
Gel Antisséptico,Perfumaria,13.57
Anti-inflamatório,Remédios,29.2
Creme para as Mãos,Perfumaria,54.06
Protetor Labial,Perfumaria,87.45
Band-aid,Perfumaria,77.05
Pomada para Assaduras,Perfumaria,76.41
Roupas de Compressão,Perfumaria,94.74
Cotonetes,Perfumaria,82.13
Gel Antisséptico,Perfumaria,12.33
Suplemento de Magnésio,Vitaminas,79.96
Colírio,Remédios,9.19
Lentes de Contato,Perfumaria,93.84
Gaze Esterilizada,Perfumaria,22.92
Escova de Cabelo,Perfumaria,31.01
Band-aid,Perfumaria,94.53
Suplemento de Cálcio,Vitaminas,31.31
Antifúngico,Remédios,36.91
Creme Hidratante,Perfumaria,67.81
Pomada para Artrose,Remédios,19.78
Roupas de Compressão,Perfumaria,64.02
Cotonetes,Perfumaria,34.47
Ibuprofeno 200mg,Remédios,43.43
Creme para as Mãos,Perfumaria,33.16
Gaze Esterilizada,Perfumaria,93.44
Vitamina C 1000mg,Vitaminas,58.44
Pasta de Dente,Perfumaria,60.42
Creme Anti-idade,Perfumaria,7.1
Desodorante,Perfumaria,77.03
Fita Adesiva,Perfumaria,43.98
Creme para as Mãos,Perfumaria,93.68
Escova de Dente,Perfumaria,68.9
Máscara de Cílios,Perfumaria,97.69
Colírio,Remédios,23.96
Fraldas Descartáveis,Perfumaria,9.29
Escova de Dente,Perfumaria,98.03
Creme Anti-idade,Perfumaria,45.45
Compressa Fria,Perfumaria,7.09
Protetor Solar,Perfumaria,44.2
Escova de Cabelo,Perfumaria,42.5
Xarope para Tosse,Remédios,74.66
Termômetro de Infravermelho,Perfumaria,62.47
Creme Anti-idade,Perfumaria,87.61
Gel Antisséptico,Perfumaria,31.11
Escova de Cabelo,Perfumaria,90.4
Ibuprofeno 200mg,Remédios,46.47
Vitamina C 1000mg,Vitaminas,7.62
Creme Anti-idade,Perfumaria,63.69
Gel Antisséptico,Perfumaria,5.42
Creme Hidratante,Perfumaria,62.86
Aspirina 500mg,Remédios,42.83
Suplemento de Cálcio,Vitaminas,44.83
Paracetamol 500mg,Remédios,45.88
Cotonetes,Perfumaria,66.11
Suplemento de Cálcio,Vitaminas,50.05
Creme Hidratante,Perfumaria,58.53
Anti-inflamatório,Remédios,97.82
Antibiótico,Remédios,47.74
Termômetro Digital,Perfumaria,65.18
Suplemento de Cálcio,Vitaminas,38.73
Escova de Dente,Perfumaria,19.01
Inalador,Remédios,38.51
Soro Fisiológico,Remédios,14.19
Escova de Dente,Perfumaria,38.22
Band-aid,Perfumaria,55.69
Roupas de Compressão,Perfumaria,9.58
Gaze Esterilizada,Perfumaria,45.56
Xarope para Tosse,Remédios,98.31
Creme Hidratante,Perfumaria,43.26
Antibiótico,Remédios,37.74
Antifúngico,Remédios,94.55
Escova de Dente,Perfumaria,69.22
Roupas de Compressão,Perfumaria,56.28
Xarope para Tosse,Remédios,79.63
Compressa Fria,Perfumaria,82.13
Fita Adesiva,Perfumaria,21.28
Cotonetes,Perfumaria,32.51
Roupas de Compressão,Perfumaria,66.98
Compressa Fria,Perfumaria,45.81
Antialérgico,Remédios,60.8
Suplemento de Magnésio,Vitaminas,14.56
Band-aid,Perfumaria,32.27
Paracetamol 500mg,Remédios,65.83
Antialérgico,Remédios,95.27
Soro Fisiológico,Remédios,69.88
Cotonetes,Perfumaria,22.6
Protetor Solar,Perfumaria,9.63
Suplemento de Ômega 3,Vitaminas,9.96
Lentes de Contato,Perfumaria,7.59
Creme Anti-idade,Perfumaria,52.99
Cotonetes,Perfumaria,20.24
Roupas de Compressão,Perfumaria,32.18
Pasta de Dente,Perfumaria,26.11
Protetor Solar,Perfumaria,48.7
Gel Antisséptico,Perfumaria,6.03
Roupas de Compressão,Perfumaria,7.89
Suplemento de Cálcio,Vitaminas,38.95
Creme para as Mãos,Perfumaria,54.75
Pasta de Dente,Perfumaria,28.75
Desodorante,Perfumaria,93.6
Paracetamol 500mg,Remédios,7.23
Compressa Fria,Perfumaria,78.58
Desodorante,Perfumaria,95.13
Colírio,Remédios,45.01
Escova de Dente,Perfumaria,13.35
Suplemento de Cálcio,Vitaminas,47.83
Antifúngico,Remédios,25.12
Anti-inflamatório,Remédios,94.13
Fita Adesiva,Perfumaria,51.04
Termômetro Digital,Perfumaria,87.22
Gel Antisséptico,Perfumaria,76.12
Paracetamol 500mg,Remédios,57.29
Suplemento de Magnésio,Vitaminas,83.58
Colírio,Remédios,29.81
Pasta de Dente,Perfumaria,47.09
Protetor Labial,Perfumaria,60.26
Roupas de Compressão,Perfumaria,50.48
Cotonetes,Perfumaria,38.33
Lentes de Contato,Perfumaria,93.27
Roupas de Compressão,Perfumaria,75.68
Xarope para Tosse,Remédios,91.55
Creme Anti-idade,Perfumaria,37.78
Colágeno em Pó,Vitaminas,21.13
Pomada para Assaduras,Perfumaria,39.67
Termômetro de Infravermelho,Perfumaria,77.35
Ibuprofeno 200mg,Remédios,59.1
Roupas de Compressão,Perfumaria,53.7
Cotonetes,Perfumaria,23.21
Lenços Umedecidos,Perfumaria,79.98
Cotonetes,Perfumaria,79.81
Colírio,Remédios,17.16
Antialérgico,Remédios,9.82
Antiácido,Remédios,32.7
Protetor Labial,Perfumaria,58.89
Pomada para Assaduras,Perfumaria,98.33
Gel Antisséptico,Perfumaria,29.15
Desodorante,Perfumaria,87.05
Suplemento de Ômega 3,Vitaminas,10.21
Antibiótico,Remédios,58.56
Colágeno em Pó,Vitaminas,77.34
Antibiótico,Remédios,15.01
Aspirina 500mg,Remédios,75.6
Inalador,Remédios,26.99
Fraldas Descartáveis,Perfumaria,34.99
Lenços Umedecidos,Perfumaria,99.83
Vitamina C 1000mg,Vitaminas,87.92
Gaze Esterilizada,Perfumaria,78.11
Pomada para Artrose,Remédios,25.37
Inalador,Remédios,23.79
Antiácido,Remédios,63.01
Inalador,Remédios,93.31
Pomada para Assaduras,Perfumaria,15.54
Protetor Solar,Perfumaria,88.96
Creme Anti-idade,Perfumaria,55.61
Colírio,Remédios,96.66
Lenços Umedecidos,Perfumaria,91.52
Aspirina 500mg,Remédios,62.36
Ibuprofeno 200mg,Remédios,82.51
Desodorante,Perfumaria,9.18
Suplemento de Ômega 3,Vitaminas,8.51
Lentes de Contato,Perfumaria,13.8
Suplemento de Magnésio,Vitaminas,29.03
Antiácido,Remédios,23.25
Inalador,Remédios,15.08
Protetor Solar,Perfumaria,68.57
Escova de Cabelo,Perfumaria,73.95
Antiácido,Remédios,72.65
Termômetro de Infravermelho,Perfumaria,82.54
Vitamina C 1000mg,Vitaminas,57.13
Antibiótico,Remédios,23.36
Vitamina C 1000mg,Vitaminas,24.81
Creme para as Mãos,Perfumaria,86.91
Creme para as Mãos,Perfumaria,82.37
Protetor Solar,Perfumaria,47.26
Antiácido,Remédios,36.86
Paracetamol 500mg,Remédios,74.57
Inalador,Remédios,60.2
Suplemento de Ômega 3,Vitaminas,17.92
Gel Antisséptico,Perfumaria,76.61
Pomada para Assaduras,Perfumaria,99.45
Antibiótico,Remédios,89.95
Pomada para Assaduras,Perfumaria,75.19
Antialérgico,Remédios,21.51
Aspirina 500mg,Remédios,53.71
Ibuprofeno 200mg,Remédios,16.54
Ibuprofeno 200mg,Remédios,60.56
Pomada Antisséptica,Perfumaria,94.56
Ibuprofeno 200mg,Remédios,29.59
Lentes de Contato,Perfumaria,36.58
Fita Adesiva,Perfumaria,85.78
Escova de Dente,Perfumaria,36.44
Creme Hidratante,Perfumaria,94.11
Antiácido,Remédios,46.1
Pomada Antisséptica,Perfumaria,30.9
Pomada para Assaduras,Perfumaria,83.07
Soro Fisiológico,Remédios,38.61
Antialérgico,Remédios,42.14
Pomada para Assaduras,Perfumaria,49.5
Antialérgico,Remédios,50.31
Band-aid,Perfumaria,17.67
Termômetro de Infravermelho,Perfumaria,51.74
Creme para as Mãos,Perfumaria,90.46
Creme Anti-idade,Perfumaria,17.36
Vitamina C 1000mg,Vitaminas,81.19
Suplemento de Cálcio,Vitaminas,77.58
Creme para as Mãos,Perfumaria,92.26
Soro Fisiológico,Remédios,65.12
Escova de Cabelo,Perfumaria,83.51
Antiácido,Remédios,99.82
Escova de Dente,Perfumaria,12.85
Antibiótico,Remédios,92.93
Termômetro Digital,Perfumaria,12.45
Creme para as Mãos,Perfumaria,49.68
Protetor Solar,Perfumaria,17.0
Termômetro de Infravermelho,Perfumaria,66.04
Ibuprofeno 200mg,Remédios,50.44
Suplemento de Magnésio,Vitaminas,46.43
Soro Fisiológico,Remédios,41.87
Roupas de Compressão,Perfumaria,17.45
Escova de Cabelo,Perfumaria,59.72
Protetor Solar,Perfumaria,60.98
Escova de Cabelo,Perfumaria,66.19
Aspirina 500mg,Remédios,58.18
Pomada para Assaduras,Perfumaria,49.24
Máscara de Cílios,Perfumaria,78.08
Creme para as Mãos,Perfumaria,41.19
Pomada Antisséptica,Perfumaria,73.94
Antialérgico,Remédios,15.99
Band-aid,Perfumaria,81.31
Aspirina 500mg,Remédios,35.96
Antiácido,Remédios,14.7
Creme para as Mãos,Perfumaria,86.37
Fita Adesiva,Perfumaria,21.07
Pomada Antisséptica,Perfumaria,7.31
Band-aid,Perfumaria,48.8
Vitamina C 1000mg,Vitaminas,58.32
Escova de Dente,Perfumaria,79.16
Suplemento de Vitamina D,Vitaminas,82.09
Fraldas Descartáveis,Perfumaria,56.96
Antibiótico,Remédios,84.73
Suplemento de Cálcio,Vitaminas,97.44
Pomada Antisséptica,Perfumaria,94.07
Fraldas Descartáveis,Perfumaria,84.98
Anti-inflamatório,Remédios,95.9
Colírio,Remédios,73.32
Fita Adesiva,Perfumaria,48.66
Compressa Fria,Perfumaria,64.16
Lenços Umedecidos,Perfumaria,37.11
Termômetro Digital,Perfumaria,85.18
Suplemento de Ômega 3,Vitaminas,71.86
Creme para as Mãos,Perfumaria,28.83
Creme Hidratante,Perfumaria,27.55
Soro Fisiológico,Remédios,34.38
Protetor Solar,Perfumaria,79.88
Ibuprofeno 200mg,Remédios,64.5
Termômetro de Infravermelho,Perfumaria,81.3
Inalador,Remédios,68.49
Creme Hidratante,Perfumaria,62.63
Escova de Cabelo,Perfumaria,11.67
Cotonetes,Perfumaria,37.3
Máscara de Cílios,Perfumaria,21.18
Antifúngico,Remédios,9.43
Termômetro de Infravermelho,Perfumaria,20.21
Colírio,Remédios,55.57
Suplemento de Magnésio,Vitaminas,44.13
Lentes de Contato,Perfumaria,67.46
Compressa Fria,Perfumaria,56.36
Suplemento de Vitamina D,Vitaminas,80.94
Antiácido,Remédios,44.15
Soro Fisiológico,Remédios,22.86
Antibiótico,Remédios,87.01
Aspirina 500mg,Remédios,11.27
Escova de Cabelo,Perfumaria,18.72
Paracetamol 500mg,Remédios,89.2
Escova de Cabelo,Perfumaria,88.41
Termômetro Digital,Perfumaria,78.01
Escova de Dente,Perfumaria,93.48
Anti-inflamatório,Remédios,25.73
Termômetro de Infravermelho,Perfumaria,69.59
Fraldas Descartáveis,Perfumaria,53.8
Pasta de Dente,Perfumaria,18.11
Suplemento de Magnésio,Vitaminas,53.79
Antialérgico,Remédios,56.21
Pomada para Artrose,Remédios,63.79
Suplemento de Cálcio,Vitaminas,46.58
Xarope para Tosse,Remédios,6.27
Ibuprofeno 200mg,Remédios,16.2
Antibiótico,Remédios,44.72
Inalador,Remédios,24.31
Soro Fisiológico,Remédios,18.75
Anti-inflamatório,Remédios,11.57
Escova de Dente,Perfumaria,44.64
Termômetro de Infravermelho,Perfumaria,40.11
Suplemento de Vitamina D,Vitaminas,13.31
Termômetro Digital,Perfumaria,34.83
Protetor Labial,Perfumaria,37.97
Termômetro Digital,Perfumaria,10.04
Band-aid,Perfumaria,43.69
Cotonetes,Perfumaria,38.38
Suplemento de Cálcio,Vitaminas,29.4
Protetor Labial,Perfumaria,76.78
Lentes de Contato,Perfumaria,89.88
Suplemento de Magnésio,Vitaminas,72.06
Pasta de Dente,Perfumaria,55.91
Band-aid,Perfumaria,89.82
Aspirina 500mg,Remédios,79.44
Soro Fisiológico,Remédios,77.43
Desodorante,Perfumaria,68.95
Termômetro Digital,Perfumaria,83.21
Soro Fisiológico,Remédios,52.0
Antiácido,Remédios,62.67
Pomada para Artrose,Remédios,43.45
Pasta de Dente,Perfumaria,45.34
Ibuprofeno 200mg,Remédios,87.77
Suplemento de Vitamina D,Vitaminas,54.89
Inalador,Remédios,96.43
Lenços Umedecidos,Perfumaria,12.4
Creme para as Mãos,Perfumaria,30.53
Lentes de Contato,Perfumaria,10.93
Compressa Fria,Perfumaria,93.49
Suplemento de Ômega 3,Vitaminas,50.29
Termômetro Digital,Perfumaria,29.49
Roupas de Compressão,Perfumaria,88.26
Antiácido,Remédios,56.94
Roupas de Compressão,Perfumaria,93.73
Antibiótico,Remédios,13.85
Creme Hidratante,Perfumaria,67.68
Desodorante,Perfumaria,14.83
Compressa Fria,Perfumaria,24.54
Creme Anti-idade,Perfumaria,61.43
Ibuprofeno 200mg,Remédios,44.19
Roupas de Compressão,Perfumaria,95.85
Antialérgico,Remédios,49.27
Antibiótico,Remédios,68.02
Creme Hidratante,Perfumaria,17.61
Roupas de Compressão,Perfumaria,25.04
Creme Anti-idade,Perfumaria,48.02
Escova de Cabelo,Perfumaria,67.66
Suplemento de Magnésio,Vitaminas,57.94
Inalador,Remédios,35.27
Pomada para Assaduras,Perfumaria,93.13
Fita Adesiva,Perfumaria,15.89
Paracetamol 500mg,Remédios,78.07
Pomada Antisséptica,Perfumaria,21.48
Gaze Esterilizada,Perfumaria,50.04
Antifúngico,Remédios,9.05
Ibuprofeno 200mg,Remédios,8.65
Termômetro Digital,Perfumaria,23.03
Pomada para Assaduras,Perfumaria,53.77
Ibuprofeno 200mg,Remédios,16.8
Pomada para Artrose,Remédios,57.02
Band-aid,Perfumaria,74.08
Vitamina C 1000mg,Vitaminas,65.92
Colágeno em Pó,Vitaminas,95.39
Gel Antisséptico,Perfumaria,64.33
Suplemento de Ômega 3,Vitaminas,33.04
Protetor Solar,Perfumaria,26.74
Anti-inflamatório,Remédios,51.84
Pasta de Dente,Perfumaria,40.04
Aspirina 500mg,Remédios,60.77
Roupas de Compressão,Perfumaria,50.63
Antiácido,Remédios,83.83
Antialérgico,Remédios,72.08
Suplemento de Cálcio,Vitaminas,57.52
Soro Fisiológico,Remédios,49.04
Escova de Cabelo,Perfumaria,43.64
Suplemento de Magnésio,Vitaminas,46.47
Escova de Cabelo,Perfumaria,70.52
Máscara de Cílios,Perfumaria,46.61
Xarope para Tosse,Remédios,94.4
Paracetamol 500mg,Remédios,89.55
Soro Fisiológico,Remédios,14.67
Pasta de Dente,Perfumaria,98.15
Inalador,Remédios,69.31
Paracetamol 500mg,Remédios,49.14
Suplemento de Vitamina D,Vitaminas,94.32
Colágeno em Pó,Vitaminas,90.79
Fita Adesiva,Perfumaria,33.74
Pomada Antisséptica,Perfumaria,20.93
Antiácido,Remédios,16.32
Antialérgico,Remédios,36.66
Band-aid,Perfumaria,23.05
Pasta de Dente,Perfumaria,6.01
Antialérgico,Remédios,99.57
Lentes de Contato,Perfumaria,78.08
Gaze Esterilizada,Perfumaria,29.65
Suplemento de Cálcio,Vitaminas,23.13
Suplemento de Cálcio,Vitaminas,76.06
Pomada Antisséptica,Perfumaria,17.7
Protetor Solar,Perfumaria,68.23
Cotonetes,Perfumaria,31.48
Lenços Umedecidos,Perfumaria,58.78
Vitamina C 1000mg,Vitaminas,41.01
Suplemento de Vitamina D,Vitaminas,71.54
Suplemento de Ômega 3,Vitaminas,92.1
Vitamina C 1000mg,Vitaminas,87.44
Protetor Solar,Perfumaria,42.34
Fita Adesiva,Perfumaria,68.42
Termômetro Digital,Perfumaria,10.79
Xarope para Tosse,Remédios,29.45
Paracetamol 500mg,Remédios,43.33
Protetor Solar,Perfumaria,98.67
Pomada Antisséptica,Perfumaria,70.15
Lentes de Contato,Perfumaria,62.4
Cotonetes,Perfumaria,90.09
Fita Adesiva,Perfumaria,99.92
Antifúngico,Remédios,13.2
Termômetro Digital,Perfumaria,35.25
Inalador,Remédios,34.93
Suplemento de Vitamina D,Vitaminas,63.13
Colírio,Remédios,51.88
Pomada para Assaduras,Perfumaria,41.3
Desodorante,Perfumaria,88.14
Fraldas Descartáveis,Perfumaria,98.97
Protetor Labial,Perfumaria,62.64
Suplemento de Cálcio,Vitaminas,73.77
Xarope para Tosse,Remédios,22.29
Creme para as Mãos,Perfumaria,41.54
Pomada para Assaduras,Perfumaria,27.31
Suplemento de Vitamina D,Vitaminas,53.27
Termômetro Digital,Perfumaria,56.99
Antifúngico,Remédios,34.29
Suplemento de Magnésio,Vitaminas,97.16
Antialérgico,Remédios,91.96
Máscara de Cílios,Perfumaria,7.41
Pasta de Dente,Perfumaria,22.52
Suplemento de Magnésio,Vitaminas,41.62
Pasta de Dente,Perfumaria,65.66
Fita Adesiva,Perfumaria,45.76
Antialérgico,Remédios,8.05
Pomada para Assaduras,Perfumaria,89.92
Colágeno em Pó,Vitaminas,53.42
Pomada para Assaduras,Perfumaria,54.53
Fita Adesiva,Perfumaria,69.6
Roupas de Compressão,Perfumaria,89.94
Suplemento de Vitamina D,Vitaminas,28.38
Cotonetes,Perfumaria,97.72
Suplemento de Magnésio,Vitaminas,97.37
Pomada para Assaduras,Perfumaria,46.54
Xarope para Tosse,Remédios,33.86
Desodorante,Perfumaria,21.36
Inalador,Remédios,12.25
Antialérgico,Remédios,41.86
Cotonetes,Perfumaria,5.94
Pomada para Assaduras,Perfumaria,29.77
Paracetamol 500mg,Remédios,35.59
Paracetamol 500mg,Remédios,81.77
Ibuprofeno 200mg,Remédios,40.09
Fita Adesiva,Perfumaria,87.09
Escova de Dente,Perfumaria,86.12
Pomada para Assaduras,Perfumaria,29.58
Termômetro de Infravermelho,Perfumaria,80.89
Máscara de Cílios,Perfumaria,58.58
Suplemento de Cálcio,Vitaminas,68.8
Cotonetes,Perfumaria,18.07
Suplemento de Cálcio,Vitaminas,11.64
Suplemento de Magnésio,Vitaminas,84.98
Escova de Dente,Perfumaria,63.58
Antibiótico,Remédios,60.7
Creme Anti-idade,Perfumaria,80.38
Termômetro Digital,Perfumaria,76.25
Desodorante,Perfumaria,30.15
Termômetro Digital,Perfumaria,50.45
Máscara de Cílios,Perfumaria,39.61
Anti-inflamatório,Remédios,58.02
Inalador,Remédios,26.21
Gel Antisséptico,Perfumaria,24.17
Antialérgico,Remédios,83.51
Protetor Labial,Perfumaria,87.35
Paracetamol 500mg,Remédios,45.68
Pomada para Artrose,Remédios,8.17
Suplemento de Ômega 3,Vitaminas,68.6
Fita Adesiva,Perfumaria,61.95
Lentes de Contato,Perfumaria,74.59
Antifúngico,Remédios,14.02
Creme para as Mãos,Perfumaria,56.35
Pomada para Assaduras,Perfumaria,52.69
Compressa Fria,Perfumaria,38.55
Pomada Antisséptica,Perfumaria,59.45
Aspirina 500mg,Remédios,30.85
Paracetamol 500mg,Remédios,83.28
Protetor Solar,Perfumaria,64.79
Escova de Dente,Perfumaria,54.51
Escova de Cabelo,Perfumaria,6.38
Paracetamol 500mg,Remédios,84.23
Suplemento de Ômega 3,Vitaminas,56.26
Band-aid,Perfumaria,95.6
Aspirina 500mg,Remédios,46.94
Lenços Umedecidos,Perfumaria,35.64
Vitamina C 1000mg,Vitaminas,20.11
Colírio,Remédios,86.73
Escova de Dente,Perfumaria,53.13
Desodorante,Perfumaria,58.06
Gel Antisséptico,Perfumaria,20.79
Suplemento de Magnésio,Vitaminas,58.58
Compressa Fria,Perfumaria,77.21
Antiácido,Remédios,78.35
Suplemento de Magnésio,Vitaminas,74.9
Xarope para Tosse,Remédios,34.09
Cotonetes,Perfumaria,12.36
Protetor Labial,Perfumaria,18.74
Inalador,Remédios,37.18
Xarope para Tosse,Remédios,41.05
Suplemento de Magnésio,Vitaminas,39.44
Lentes de Contato,Perfumaria,46.04
Gaze Esterilizada,Perfumaria,38.34
Protetor Solar,Perfumaria,12.47
Compressa Fria,Perfumaria,56.97
Termômetro de Infravermelho,Perfumaria,46.33
Roupas de Compressão,Perfumaria,27.3
Antifúngico,Remédios,69.43
Inalador,Remédios,16.47
Fita Adesiva,Perfumaria,28.0
Antiácido,Remédios,57.99
Creme Hidratante,Perfumaria,14.57
Suplemento de Ômega 3,Vitaminas,52.45
Gaze Esterilizada,Perfumaria,61.66
Soro Fisiológico,Remédios,39.83
Colírio,Remédios,28.8
Pasta de Dente,Perfumaria,90.06
Antiácido,Remédios,30.29
Antiácido,Remédios,39.23
Aspirina 500mg,Remédios,73.42
Suplemento de Vitamina D,Vitaminas,12.93
Aspirina 500mg,Remédios,50.5
Antibiótico,Remédios,53.55
Suplemento de Ômega 3,Vitaminas,8.96
Soro Fisiológico,Remédios,32.86
Creme Hidratante,Perfumaria,18.89
Antiácido,Remédios,37.56
Anti-inflamatório,Remédios,36.24
Antifúngico,Remédios,80.3
Cotonetes,Perfumaria,88.0
Antifúngico,Remédios,20.12
Anti-inflamatório,Remédios,73.88
Pasta de Dente,Perfumaria,86.31
Pomada Antisséptica,Perfumaria,91.8
Aspirina 500mg,Remédios,39.49
Pomada para Assaduras,Perfumaria,61.41
Protetor Solar,Perfumaria,75.15
Roupas de Compressão,Perfumaria,29.47
Pomada Antisséptica,Perfumaria,65.42
Fita Adesiva,Perfumaria,9.24
Roupas de Compressão,Perfumaria,94.3
Pomada Antisséptica,Perfumaria,68.72
Soro Fisiológico,Remédios,68.93
Gel Antisséptico,Perfumaria,66.16
Band-aid,Perfumaria,80.06
Creme Hidratante,Perfumaria,20.43
Pomada Antisséptica,Perfumaria,31.48
Cotonetes,Perfumaria,70.75
Colírio,Remédios,23.8
Lentes de Contato,Perfumaria,50.47
Band-aid,Perfumaria,62.55
Paracetamol 500mg,Remédios,61.78
Compressa Fria,Perfumaria,99.71
Pasta de Dente,Perfumaria,11.72
Gel Antisséptico,Perfumaria,54.75
Aspirina 500mg,Remédios,64.26
Compressa Fria,Perfumaria,9.59
Suplemento de Vitamina D,Vitaminas,7.28
Roupas de Compressão,Perfumaria,98.77
Band-aid,Perfumaria,93.75
Lenços Umedecidos,Perfumaria,33.36
Lenços Umedecidos,Perfumaria,49.17
Cotonetes,Perfumaria,61.83
Protetor Labial,Perfumaria,10.79
Suplemento de Magnésio,Vitaminas,6.37
Creme Hidratante,Perfumaria,5.34
Antibiótico,Remédios,15.31
Pasta de Dente,Perfumaria,70.09
Gaze Esterilizada,Perfumaria,75.35
Pomada para Assaduras,Perfumaria,36.76
Band-aid,Perfumaria,58.78
Cotonetes,Perfumaria,56.44
Termômetro de Infravermelho,Perfumaria,52.05
Inalador,Remédios,70.64
Pomada para Artrose,Remédios,76.91
Pomada para Assaduras,Perfumaria,92.12
Antibiótico,Remédios,91.64
Cotonetes,Perfumaria,68.68
Colágeno em Pó,Vitaminas,62.21
Antialérgico,Remédios,88.07
Inalador,Remédios,23.66
Inalador,Remédios,68.71
Lenços Umedecidos,Perfumaria,50.09
Escova de Dente,Perfumaria,33.25
Fraldas Descartáveis,Perfumaria,97.09
Paracetamol 500mg,Remédios,36.69
Antiácido,Remédios,72.55
Inalador,Remédios,71.41
Inalador,Remédios,92.04
Compressa Fria,Perfumaria,58.49
Roupas de Compressão,Perfumaria,13.02
Escova de Dente,Perfumaria,64.69
Termômetro de Infravermelho,Perfumaria,82.27
Lenços Umedecidos,Perfumaria,76.28
Creme para as Mãos,Perfumaria,39.22
Fraldas Descartáveis,Perfumaria,49.46
Escova de Dente,Perfumaria,33.08
Escova de Dente,Perfumaria,33.08
Cotonetes,Perfumaria,83.64
Colágeno em Pó,Vitaminas,19.33
Desodorante,Perfumaria,10.48
Escova de Dente,Perfumaria,12.05
Paracetamol 500mg,Remédios,90.44
Inalador,Remédios,97.04
Fita Adesiva,Perfumaria,16.13
Aspirina 500mg,Remédios,23.64
Creme Anti-idade,Perfumaria,21.36
Máscara de Cílios,Perfumaria,18.64
Pomada para Artrose,Remédios,92.65
Pomada Antisséptica,Perfumaria,50.8
Fraldas Descartáveis,Perfumaria,75.79
Vitamina C 1000mg,Vitaminas,85.75
Escova de Dente,Perfumaria,39.21
Pomada Antisséptica,Perfumaria,40.38
Compressa Fria,Perfumaria,91.29
Escova de Dente,Perfumaria,49.01
Pomada para Assaduras,Perfumaria,15.81
Protetor Labial,Perfumaria,77.2
Xarope para Tosse,Remédios,83.07
Ibuprofeno 200mg,Remédios,18.6
Escova de Dente,Perfumaria,36.18
Colágeno em Pó,Vitaminas,35.4
Fraldas Descartáveis,Perfumaria,5.1
Suplemento de Cálcio,Vitaminas,24.25
Vitamina C 1000mg,Vitaminas,38.73
Anti-inflamatório,Remédios,51.53
Aspirina 500mg,Remédios,82.7
Compressa Fria,Perfumaria,20.49
Pasta de Dente,Perfumaria,54.27
Creme Anti-idade,Perfumaria,8.34
Gaze Esterilizada,Perfumaria,48.13
